Date,MMM,AXP,AMGN,AAPL,BA,CAT,CVX,CSCO,KO,DIS,DOW,GS,HD,HON,IBM,INTC,JNJ,JPM,MCD,MRK,MSFT,NKE,PG,CRM,TRV,UNH,VZ,V,WBA,WMT
2018-01-01 00:00:00-05:00,214.10061645507812,92.5701904296875,161.6011199951172,39.802284240722656,337.7120666503906,143.84573364257812,101.4478759765625,35.70387268066406,40.88035202026367,105.6821060180664,48.443322541978624,243.6623992919922,179.60829162597656,138.3367156982422,123.14561462402344,41.91047286987305,121.85787963867188,100.06265258789062,152.90408325195312,48.70832824707031,89.72447967529297,65.12908172607422,75.35108947753906,113.91000366210938,134.07969665527344,220.7504425048828,43.03516387939453,120.21734619140625,63.5593376159668,97.65180206298828
2018-02-01 00:00:00-05:00,201.2887725830078,91.13047790527344,159.62071228027344,42.34356689453125,345.18353271484375,137.27792358398438,90.57876586914062,38.775753021240234,37.126468658447266,100.32361602783203,48.443322541978624,239.1509246826172,162.9526824951172,130.92037963867188,117.2253189086914,42.91165542602539,114.52998352050781,100.43608856201172,140.9319305419922,44.573265075683594,88.55345153808594,63.99299240112305,69.04876708984375,116.25,124.3134765625,210.84939575195312,38.429805755615234,118.96900177001953,58.179683685302734,82.45440673828125
2018-03-01 00:00:00-05:00,188.72854614257812,87.17720794677734,149.19650268554688,40.04810333251953,314.009765625,130.84149169921875,93.21327209472656,37.1391716003418,37.30685806274414,97.67840576171875,48.443322541978624,229.72515869140625,159.34983825683594,125.81062316894531,116.55625915527344,45.64822769165039,113.72805786132812,95.62732696533203,140.60073852539062,44.778778076171875,86.59742736816406,63.42974090576172,69.71710968017578,116.30000305175781,124.1882553100586,199.51260375976562,38.49420166015625,115.95777893066406,55.61716079711914,81.50170135498047
2018-04-01 00:00:00-04:00,167.1234893798828,92.28932189941406,152.69715881347656,39.44660186767578,319.4494934082031,128.16036987304688,102.26158905029297,38.35145950317383,37.445526123046875,97.57141876220703,48.443322541978624,217.3842315673828,166.1567840576172,125.9586410522461,110.12185668945312,45.24502182006836,112.25487518310547,94.59252166748047,150.5447540283203,48.81914138793945,88.73224639892578,65.48888397216797,63.614219665527344,120.98999786376953,118.30870819091797,221.12586975097656,39.72582244873047,122.99549102783203,56.449668884277344,81.51761627197266
2018-05-01 00:00:00-04:00,169.5651092529297,92.21365356445312,157.1954345703125,44.604774475097656,337.2626037597656,135.54214477539062,101.59951782226562,37.28061294555664,37.263553619384766,96.73506927490234,48.443322541978624,206.02842712402344,167.730224609375,128.77069091796875,107.34905242919922,48.38290786743164,106.15802001953125,93.52525329589844,143.86447143554688,49.36647415161133,93.77986907958984,68.75422668457031,64.93952941894531,129.3300018310547,115.53978729248047,225.90567016601562,38.85629653930664,126.71795654296875,53.00067901611328,76.06222534179688
2018-06-01 00:00:00-04:00,170.28334045410156,91.93222045898438,162.79185485839844,44.35506057739258,322.91986083984375,121.05194091796875,104.24166870117188,37.559932708740234,38.00882339477539,101.92823791503906,48.443322541978624,201.8965606689453,176.39984130859375,126.04658508300781,107.30410766601562,43.82237243652344,108.48308563232422,91.06935119628906,140.87945556640625,50.33672332763672,93.9671859741211,76.29994201660156,69.27947998046875,136.39999389648438,109.98393249511719,229.48828125,41.008182525634766,128.60128784179688,51.29948425292969,79.4254150390625
2018-07-01 00:00:00-04:00,183.7869110107422,93.35811614990234,173.33949279785156,45.596256256103516,342.9296569824219,128.3059844970703,104.1097412109375,36.91400909423828,40.76918029785156,110.43766021728516,48.443322541978624,217.32916259765625,178.58787536621094,139.69691467285156,111.3212661743164,42.40305709838867,118.4784927368164,100.4646987915039,142.5434112548828,55.046199798583984,101.08546447753906,73.85317993164062,71.78226470947266,137.14999389648438,117.69995880126953,237.6969451904297,42.09228515625,132.76663208007812,57.795257568359375,82.74522399902344
2018-08-01 00:00:00-04:00,182.57505798339844,99.77506256103516,176.21449279785156,54.54347610473633,329.92669677734375,124.64896392822266,97.67037963867188,42.022377014160156,38.96809768676758,109.8156967163086,48.443322541978624,217.67698669433594,181.52633666992188,139.18063354492188,112.51182556152344,42.693973541259766,120.4185562133789,100.68553924560547,146.7869873046875,57.319244384765625,107.04122161865234,78.93291473388672,74.28755950927734,152.67999267578125,119.02041625976562,252.00270080566406,44.831329345703125,142.6217041015625,58.59867477416992,88.89338684082031
2018-09-01 00:00:00-04:00,183.6158447265625,100.25521087646484,184.05545043945312,54.28030014038086,359.7129821777344,136.8939208984375,101.78656768798828,42.79649353027344,40.384483337402344,114.6388931274414,48.443322541978624,205.93556213378906,188.25489807128906,146.3148651123047,117.39972686767578,41.94253158569336,124.35306549072266,99.1565170288086,152.3102264404297,59.2830924987793,109.40454864501953,81.55316925048828,74.53833770751953,159.02999877929688,117.31108856201172,249.73110961914062,44.02325439453125,145.94776916503906,62.70438766479492,87.59091186523438
2018-10-01 00:00:00-04:00,165.79537963867188,96.7153549194336,171.1807403564453,52.62596130371094,343.23138427734375,108.911865234375,92.9381103515625,40.24541473388672,42.21814727783203,112.5704116821289,48.443322541978624,206.9733123779297,159.83717346191406,132.86012268066406,89.6200942993164,41.578895568847656,125.99102020263672,95.79975891113281,161.0596923828125,61.93405532836914,102.17278289794922,72.23497772216797,79.41918182373047,137.24000549316406,113.83003234863281,246.1563262939453,47.074134826660156,134.0455322265625,68.61357879638672,93.53229522705078
2018-11-01 00:00:00-04:00,181.18458557128906,106.07827758789062,184.9078369140625,42.94044494628906,335.3968505859375,122.57038879394531,99.00634765625,42.39504623413086,44.440155029296875,113.21741485595703,48.443322541978624,175.12425231933594,163.87216186523438,134.63070678710938,96.48348236083984,43.73411560058594,132.21006774902344,98.39085388183594,171.630126953125,66.75518798828125,106.07565307617188,72.3119888305664,85.38825988769531,142.75999450683594,118.59681701660156,265.0030212402344,50.27193832397461,137.79904174804688,72.82828521728516,91.07923889160156
2018-12-01 00:00:00-05:00,167.1732940673828,90.06306457519531,174.05694580078125,38.061702728271484,313.3722229003906,114.80077362060547,91.44244384765625,38.374290466308594,42.080970764160156,107.49234008789062,48.443322541978624,154.03518676757812,157.08152770996094,121.88638305664062,89.37764739990234,41.88518142700195,116.8846664428711,86.3829116821289,162.6667022705078,64.28993225097656,97.58002471923828,71.58045959472656,83.0482406616211,136.97000122070312,108.93587493896484,235.3870849609375,46.870445251464844,128.529052734375,59.090965270996094,86.88204956054688
2019-01-01 00:00:00-05:00,175.7363739013672,97.03607177734375,167.29745483398438,40.16095733642578,374.70574951171875,120.3027572631836,96.36803436279297,41.88138198852539,42.77416229248047,110.17353820800781,48.443322541978624,182.5831298828125,167.78707885742188,132.5048828125,105.69316101074219,42.05476379394531,120.53478240966797,91.58604431152344,163.77516174316406,63.0629997253418,100.32769012451172,79.05323028564453,87.15910339355469,151.97000122070312,114.90851593017578,255.30508422851562,45.903358459472656,131.51963806152344,62.48959732055664,89.8694839477539
2019-02-01 00:00:00-05:00,181.95689392089844,102.2147445678711,169.9529571533203,41.78003692626953,427.5077209472656,124.87738800048828,100.51189422607422,46.204002380371094,40.294639587402344,111.47760772705078,48.443322541978624,181.3751678466797,169.25897216796875,142.13619995117188,108.61031341552734,47.2669792175293,123.75917053222656,93.09700012207031,168.4105224609375,68.8753433227539,107.6291275024414,82.77034759521484,89.7425765991211,163.64999389648438,121.6543960571289,228.86746215820312,47.94929504394531,144.2907257080078,61.56425857543945,92.83293151855469
2019-03-01 00:00:00-05:00,183.55941772460938,103.69474029541016,171.17697143554688,46.030364990234375,372.486572265625,123.19529724121094,104.57862091064453,48.18531036376953,41.64549255371094,109.68946075439453,48.443322541978624,177.7470245361328,175.42996215820312,147.39242553710938,112.23822784423828,48.23123550415039,127.45191192626953,90.30480194091797,175.06942749023438,70.46820831298828,113.7908706665039,81.30281829833984,94.75105285644531,158.3699951171875,125.54448699951172,233.6295928955078,49.810997009277344,152.41766357421875,55.049556732177734,91.46372985839844
2019-04-01 00:00:00-04:00,167.4191436767578,111.21805572509766,161.57205200195312,48.628116607666016,368.8438720703125,126.7686538696289,101.9297866821289,49.93458557128906,43.98130798339844,135.31626892089844,47.13139724731445,190.6436309814453,187.6136016845703,161.03543090820312,111.57801818847656,45.84212875366211,128.73751831054688,103.52534484863281,182.14044189453125,67.14189910888672,126.00550079345703,85.01602172851562,96.9638671875,165.35000610351562,132.3514404296875,221.06239318847656,48.17674255371094,160.45864868164062,46.60984420776367,96.96240997314453
2019-05-01 00:00:00-04:00,141.12820434570312,109.21253967285156,150.2010498046875,42.424503326416016,333.6089172363281,109.59844207763672,96.65755462646484,46.730045318603516,44.04405975341797,130.44578552246094,38.848297119140625,168.95181274414062,174.85739135742188,152.39144897460938,101.0144271850586,39.55500030517578,119.57451629638672,95.24758911132812,182.78578186035156,67.56841278076172,119.32893371582031,74.66849517822266,94.37447357177734,151.41000366210938,134.02711486816406,229.3426513671875,46.256046295166016,157.43350219726562,42.92942428588867,95.64240264892578
2019-06-01 00:00:00-04:00,154.4442901611328,117.52416229248047,167.4706268310547,48.14640808105469,357.526611328125,124.6738052368164,106.68780517578125,49.1550178527832,45.64875411987305,137.95404052734375,41.56415557861328,190.2753143310547,191.54644775390625,162.7138214111328,110.99581146240234,43.25826644897461,127.85586547851562,100.49718475341797,192.56356811523438,71.5264663696289,129.7257080078125,81.48650360107422,100.55545043945312,151.72999572753906,137.66390991210938,231.43878173828125,48.622047424316406,169.61886596679688,47.96894836425781,104.72856903076172
2019-07-01 00:00:00-04:00,155.67384338378906,118.40960693359375,169.56082153320312,51.82453155517578,335.10321044921875,120.44758605957031,105.54755401611328,49.756771087646484,47.55006408691406,141.28335571289062,40.83081817626953,204.71800231933594,198.1952667236328,160.7286834716797,119.3184585571289,45.680076599121094,119.53900909423828,104.27256774902344,195.40110778808594,71.26567840576172,131.9626922607422,83.50545501708984,108.24957275390625,154.5,135.74087524414062,237.22708129882812,47.039039611816406,173.9680633544922,47.81101608276367,104.62431335449219
2019-08-01 00:00:00-04:00,144.0909881591797,114.95967864990234,189.59042358398438,50.77851486206055,357.6051940917969,109.69510650634766,100.92647552490234,42.307090759277344,49.72745132446289,136.44253540039062,35.93347930908203,189.63360595703125,211.38412475585938,153.42202758789062,109.08818817138672,42.84257888793945,117.83155822753906,99.45243072509766,202.12405395507812,74.25403594970703,133.50244140625,82.02037048339844,110.97196960449219,156.07000732421875,136.05564880371094,222.9273223876953,50.01966857910156,176.72418212890625,44.915496826171875,108.30199432373047
2019-09-01 00:00:00-04:00,147.8191680908203,112.963623046875,177.10459899902344,54.690391540527344,376.0252685546875,116.43350982666016,102.72620391845703,44.65699005126953,49.18535614013672,129.5438690185547,40.837215423583984,193.93067932128906,215.19613647460938,158.48269653320312,118.42777252197266,46.88005828857422,119.65786743164062,106.5406723022461,200.15382385253906,72.28755950927734,135.0837860107422,91.39942932128906,114.80239868164062,148.44000244140625,137.65728759765625,207.03665161132812,51.91175079345703,168.3563232421875,48.9748420715332,113.04522705078125
2019-10-01 00:00:00-04:00,148.34967041015625,112.00856018066406,195.1710662841797,60.743770599365234,335.9391174316406,127.02510070800781,100.59545135498047,42.939754486083984,49.53586196899414,129.14625549316406,43.27116775512695,199.6859893798828,218.8991241455078,161.78909301757812,108.90763092041016,51.428871154785156,122.11796569824219,113.08574676513672,183.36477661132812,74.91175079345703,139.30059814453125,87.14673614501953,114.9223861694336,156.49000549316406,121.98990631103516,241.8777618408203,52.00636291503906,175.06082153320312,48.50555419921875,111.69265747070312
2019-11-01 00:00:00-04:00,152.64756774902344,115.15968322753906,214.8208770751953,65.25877380371094,361.9022216796875,134.46185302734375,101.45293426513672,41.26156234741211,48.598480224609375,150.67726135253906,45.7393913269043,207.14451599121094,205.7696533203125,167.24044799804688,109.49398040771484,52.81170654296875,127.158447265625,120.23326873779297,181.2952880859375,75.36125183105469,147.083251953125,90.98096466064453,113.38072204589844,162.88999938964844,127.25822448730469,267.8841552734375,52.34762954711914,180.59078979492188,52.773468017578125,113.43577575683594
2019-12-01 00:00:00-05:00,160.00021362304688,119.34921264648438,222.09857177734375,71.92056274414062,323.83331298828125,137.2025604248047,105.40907287597656,43.67478561401367,50.74940872192383,143.76864624023438,47.505516052246094,216.3870849609375,203.7820281982422,166.61277770996094,110.44938659667969,54.74895095825195,135.8434295654297,127.20486450195312,185.39364624023438,78.62017059326172,153.74522399902344,98.84837341308594,116.0187759399414,162.63999938964844,127.47229766845703,281.3898620605469,53.35565185546875,184.21682739257812,52.595680236816406,113.1976547241211
2020-01-01 00:00:00-05:00,143.89315795898438,124.50704193115234,199.04754638671875,75.80500030517578,316.3875732421875,122.0311279296875,93.71443939208984,41.86259078979492,53.545902252197266,138.30999755859375,39.9886589050293,223.74649047851562,214.2136688232422,163.05458068847656,118.4339828491211,58.48121643066406,138.63720703125,120.78076934814453,200.74227905273438,74.36359405517578,165.9610137939453,93.9601058959961,115.75868225097656,182.30999755859375,123.2558364868164,261.7845458984375,51.652435302734375,195.06983947753906,45.36109924316406,109.54332733154297
2020-02-01 00:00:00-05:00,135.34988403320312,105.75577545166016,184.01187133789062,66.9511489868164,273.48284912109375,116.2352066040039,81.64368438720703,36.62957763671875,49.04401779174805,117.6500015258789,35.0757942199707,188.9446258544922,204.57823181152344,152.65301513671875,107.24402618408203,50.788002014160156,125.23632049560547,106.63257598876953,182.16632080078125,66.63479614257812,157.94715881347656,87.208251953125,105.80348205566406,170.39999389648438,112.19635009765625,244.9792022705078,47.55399703979492,178.19717407226562,40.82052993774414,103.0275650024414
2020-03-01 00:00:00-05:00,124.9258041381836,82.35924530029297,188.1016082763672,62.42835235595703,149.13999938964844,108.56352996826172,64.12091827392578,36.060829162597656,40.572021484375,96.5999984741211,25.79976463317871,146.3741455078125,175.3434295654297,126.62018585205078,92.36115264892578,49.751129150390625,122.89530181884766,82.68134307861328,156.09877014160156,66.96551513671875,154.17494201660156,80.95355987548828,102.78530883789062,143.97999572753906,93.03652954101562,239.6176300048828,47.17644119262695,158.1905517578125,41.16837692260742,108.7109375
2020-04-01 00:00:00-04:00,139.02813720703125,87.78507232666016,221.9586181640625,72.12808227539062,141.02000427246094,108.88162231445312,81.41215515136719,38.877071380615234,42.4447135925293,108.1500015258789,32.373226165771484,173.6719512939453,207.8283233642578,134.2955780029297,104.54219818115234,55.13807678222656,140.61778259277344,87.94361877441406,177.0661163330078,69.62486267089844,175.19300842285156,85.29769897460938,110.13914489746094,161.9499969482422,95.40499114990234,282.2380676269531,50.442718505859375,175.4705352783203,38.95473861694336,116.81288146972656
2020-05-01 00:00:00-04:00,143.1645965576172,91.96807098388672,213.1255645751953,78.05447387695312,145.85000610351562,113.42184448242188,81.14669036865234,44.2833366394043,43.1754035949707,117.30000305175781,34.05850601196289,186.04733276367188,234.9141845703125,138.03390502929688,103.99269104003906,57.849945068359375,139.4087677001953,90.2957534790039,175.8955078125,70.83588409423828,179.14244079589844,96.45155334472656,109.03941345214844,174.7899932861328,100.84406280517578,294.18499755859375,50.92307662963867,191.690185546875,38.63978576660156,119.22505950927734
2020-06-01 00:00:00-04:00,144.16864013671875,92.09382629394531,220.32237243652344,89.80107116699219,183.3000030517578,119.43614959716797,80.1201400756836,43.19061279296875,41.325557708740234,111.51000213623047,36.60790252685547,188.28695678710938,236.8333282470703,137.85032653808594,101.9025650024414,55.31086730957031,132.7123260498047,87.28002166748047,175.3101043701172,67.86096954345703,199.50241088867188,96.17231750488281,112.47276306152344,187.3300018310547,107.508544921875,284.63134765625,48.926273345947266,189.9753875732422,38.57727813720703,115.61821746826172
2020-07-01 00:00:00-04:00,139.0669708251953,90.27517700195312,228.5519561767578,104.63005828857422,158.0,125.45989227294922,75.37022399902344,43.616580963134766,44.09031295776367,116.94000244140625,36.87734603881836,188.6108856201172,252.4941864013672,142.40753173828125,103.73355102539062,44.12481689453125,137.55349731445312,89.6740493774414,184.63299560546875,70.974365234375,200.972900390625,95.7407455444336,123.33718872070312,194.85000610351562,108.57835388183594,293.4458312988281,51.01182556152344,187.25120544433594,37.04838180541992,124.90396881103516
2020-08-01 00:00:00-04:00,150.6658935546875,98.72124481201172,236.6321563720703,127.06063079833984,171.82000732421875,135.36956787109375,75.36125946044922,39.40549087524414,46.227622985839844,131.8699951171875,40.523765563964844,195.19454956054688,271.0872497558594,157.83334350585938,104.0457534790039,47.101600646972656,144.7728271484375,93.87409210205078,202.91761779785156,75.42353057861328,221.08880615234375,109.74726867675781,130.94033813476562,272.6499938964844,110.11563873291016,302.9145812988281,53.19109344482422,208.48414611816406,34.60033416748047,134.02565002441406
2020-09-01 00:00:00-04:00,149.38861083984375,97.41908264160156,239.0071258544922,114.23918151855469,165.25999450683594,141.87600708007812,65.58125305175781,36.7641487121582,46.07829666137695,124.08000183105469,42.9078483581543,192.63803100585938,264.1160888671875,157.82452392578125,104.00615692138672,48.194007873535156,141.43296813964844,90.20120239257812,209.81153869628906,73.37144470214844,206.68653869628906,123.40864562988281,131.56509399414062,251.32000732421875,102.66641998291016,302.15869140625,53.38853073120117,196.9602508544922,33.06498718261719,135.60401916503906
2020-10-01 00:00:00-04:00,149.18345642089844,88.66351318359375,204.0061798095703,107.38343811035156,144.38999938964844,149.39073181152344,63.30413818359375,33.506805419921875,45.21873474121094,121.25,41.48519515991211,181.20262145996094,254.99212646484375,158.1505126953125,95.44939422607422,41.21341323852539,130.25169372558594,91.85963439941406,203.60769653320312,67.0090560913086,198.96270751953125,118.04134368896484,129.7760467529297,232.27000427246094,115.40969848632812,296.9516296386719,51.144935607910156,178.97508239746094,31.334421157836914,134.479736328125
2020-11-01 00:00:00-04:00,161.0930938720703,115.72250366210938,208.80209350585938,117.43522644042969,210.7100067138672,166.13265991210938,79.40797424316406,40.52251052856445,48.5494499206543,148.00999450683594,48.3431510925293,221.0204620361328,265.22210693359375,195.5140838623047,105.58757781982422,45.00155258178711,137.4430694580078,111.47382354736328,207.85194396972656,71.62422180175781,210.3617706298828,132.4131317138672,132.18136596679688,245.8000030517578,123.9571304321289,327.314453125,54.791404724121094,207.18397521972656,34.98886489868164,148.0876007080078
2020-12-01 00:00:00-05:00,164.4245147705078,117.9864273071289,217.68101501464844,131.1160430908203,214.05999755859375,174.20050048828125,78.05319213867188,42.152076721191406,52.002479553222656,181.17999267578125,51.24967575073242,252.77687072753906,253.95001220703125,204.88829040527344,109.16527557373047,46.70701599121094,150.5467071533203,120.16439056396484,206.33718872070312,72.88047790527344,219.1393585205078,139.06820678710938,132.43836975097656,222.52999877929688,134.20645141601562,341.26959228515625,53.285797119140625,215.76248168945312,37.14649200439453,139.71353149414062
2021-01-01 00:00:00-05:00,165.242919921875,113.4488525390625,228.5783233642578,130.39468383789062,194.19000244140625,174.98529052734375,78.74639129638672,41.991947174072266,45.658634185791016,168.1699981689453,47.92537307739258,261.34442138671875,260.3333740234375,188.1947784423828,103.29421997070312,52.04147720336914,156.0470428466797,121.67742919921875,199.85609436035156,69.20848083496094,228.5386199951172,131.586181640625,122.0348129272461,225.55999755859375,131.13926696777344,325.79644775390625,49.657833099365234,190.62818908691406,46.805694580078125,136.6638946533203
2021-02-01 00:00:00-05:00,164.678466796875,132.45225524902344,212.94717407226562,119.82161712646484,212.00999450683594,207.7051544189453,92.42533111572266,42.60787582397461,46.455169677734375,189.0399932861328,54.76789474487305,307.9039306640625,248.33663940429688,194.91842651367188,103.13810729980469,56.98218536376953,151.57980346679688,140.17433166503906,198.22140502929688,65.21240234375,228.9524383544922,132.7583465576172,118.2894287109375,216.5,139.99090576171875,324.46820068359375,50.69361877441406,209.5084991455078,44.644718170166016,126.38175201416016
2021-03-01 00:00:00-05:00,182.7471923828125,138.5039825439453,237.31703186035156,120.88143920898438,254.72000122070312,223.08963012695312,98.22156524658203,49.10304260253906,49.982688903808594,184.52000427246094,59.699462890625,315.1514587402344,293.4301452636719,210.02337646484375,117.109619140625,60.36518478393555,158.1944122314453,144.99380493164062,216.85604858398438,69.2264404296875,232.82745361328125,131.16282653808594,129.68458557128906,211.8699951171875,144.70538330078125,363.3883972167969,53.306217193603516,209.1817169189453,51.62446212768555,132.13082885742188
2021-04-01 00:00:00-04:00,186.977294921875,150.61810302734375,228.5706024169922,130.09474182128906,234.30999755859375,219.47201538085938,96.609375,48.34337615966797,51.6130256652832,186.02000427246094,58.354957580566406,337.1433410644531,313.086669921875,215.799560546875,124.68492126464844,54.26264572143555,156.6350860595703,146.4987030029297,228.40805053710938,67.48844146728516,249.03262329101562,130.8963165283203,127.75984954833984,230.32000732421875,149.6206512451172,390.87835693359375,52.97621154785156,230.74896240234375,49.93185806274414,136.66793823242188
2021-05-01 00:00:00-04:00,192.57315063476562,157.27731323242188,226.94912719726562,123.31587982177734,247.02000427246094,232.9993896484375,97.28424072265625,50.59317398071289,52.8655891418457,178.64999389648438,63.882347106933594,359.9485168457031,308.4822998046875,223.41409301757812,126.31948852539062,53.87592697143555,162.910888671875,157.35426330566406,226.2892303466797,68.74761962890625,246.56381225585938,134.68641662597656,129.95538330078125,238.10000610351562,154.49639892578125,403.73779296875,52.34162902832031,224.56430053710938,49.51810836791992,138.73880004882812
2021-06-01 00:00:00-04:00,189.77682495117188,162.2864532470703,234.12548828125,135.76783752441406,239.55999755859375,210.33538818359375,99.37642669677734,50.688819885253906,51.737327575683594,175.77000427246094,59.68375778198242,368.45501708984375,308.4629821777344,213.13015747070312,130.2634735107422,53.2777214050293,159.55909729003906,149.01902770996094,224.71775817871094,73.83231353759766,268.13671875,152.7897491455078,130.03244018554688,244.27000427246094,144.83192443847656,392.4858093261719,51.91541290283203,231.3413848876953,49.89714431762695,138.29318237304688
2021-07-01 00:00:00-04:00,189.1175537109375,167.49203491210938,232.00274658203125,144.59036254882812,226.47999572753906,199.82008361816406,96.59647369384766,52.95546340942383,54.94016647338867,176.02000427246094,58.627410888671875,363.9407043457031,319.12353515625,227.16067504882812,125.26050567626953,50.98111343383789,166.7845001220703,145.41665649414062,236.11952209472656,73.60517120361328,282.0038146972656,165.66644287109375,137.0675048828125,241.92999267578125,144.87692260742188,405.5116271972656,51.68376159667969,243.77810668945312,44.718692779541016,139.79360961914062
2021-08-01 00:00:00-04:00,186.0601806640625,163.4287872314453,216.62490844726562,150.5084228515625,219.5,204.89569091796875,91.81455993652344,56.839839935302734,54.246551513671875,181.3000030517578,59.325355529785156,401.4434814453125,317.1690368652344,225.3340301513672,124.70957946777344,51.30377197265625,167.6852569580078,154.12718200683594,231.0120849609375,73.0498046875,298.80072021484375,162.9269561767578,138.084716796875,265.2699890136719,155.37399291992188,409.4956970214844,51.533538818359375,226.6714324951172,48.133056640625,145.23629760742188
2021-09-01 00:00:00-04:00,168.8806915283203,164.97482299804688,205.83070373535156,140.47848510742188,219.94000244140625,186.53114318847656,97.5526351928711,52.41939163208008,50.54726791381836,169.1699981689453,54.87637710571289,368.7820739746094,319.19158935546875,207.0830078125,124.87796020507812,50.892120361328125,157.35052490234375,157.73106384277344,235.84890747070312,71.91992950439453,279.5785217285156,143.86868286132812,135.5730438232422,271.2200012207031,147.88302612304688,384.38116455078125,50.60593032836914,220.6891632080078,45.06326675415039,137.18788146972656
2021-10-01 00:00:00-04:00,172.0191650390625,171.12950134277344,200.33287048339844,148.7185516357422,207.02999877929688,198.23001098632812,110.09168243408203,53.90250015258789,54.714195251464844,169.07000732421875,53.360504150390625,403.238037109375,363.3082580566406,213.26779174804688,112.44678497314453,46.80393600463867,158.695068359375,163.70535278320312,240.19203186035156,85.06591796875,328.8657531738281,165.72189331054688,138.66659545898438,299.69000244140625,157.3847198486328,454.5663757324219,49.65022659301758,209.81076049804688,45.0345344543457,147.0699920654297
2021-11-01 00:00:00-04:00,163.7012481689453,150.34994506835938,192.50228881835938,164.10665893554688,197.85000610351562,188.90939331054688,108.53392791748047,53.1710319519043,50.90934371948242,144.89999389648438,52.368988037109375,371.669677734375,391.5234069824219,197.28880310058594,110.09771728515625,46.994972229003906,151.92359924316406,153.97023010253906,239.26275634765625,72.3712387084961,327.84429931640625,167.65362548828125,141.07769775390625,284.9599914550781,143.7573699951172,438.52471923828125,47.66103744506836,191.977294921875,42.90827560424805,138.41822814941406
2021-12-01 00:00:00-05:00,172.40000915527344,161.50526428222656,219.58384704589844,176.5453643798828,201.32000732421875,201.99188232421875,114.14601135253906,61.441436767578125,57.91645050048828,154.88999938964844,54.74079132080078,373.1914978027344,405.5968322753906,204.28433227539062,127.34440612792969,49.53398132324219,167.766357421875,153.50491333007812,263.67437744140625,74.0426025390625,334.13690185546875,165.1077117919922,159.61744689941406,254.1300048828125,153.03138732910156,495.7021179199219,49.26332473754883,215.0830078125,50.44028091430664,142.4143829345703
2022-01-01 00:00:00-05:00,161.13185119628906,177.51759338378906,221.70188903808594,173.77146911621094,200.24000549316406,196.9308319091797,127.74431610107422,53.97577667236328,59.6771240234375,142.97000122070312,57.64575958251953,347.8292541503906,360.1395263671875,200.33599853515625,127.25865936279297,46.95629119873047,168.96278381347656,144.05323791503906,255.1957244873047,79.46538543701172,308.9613952636719,146.94570922851562,156.5632781982422,232.6300048828125,163.5058135986328,468.03277587890625,50.4674186706543,224.47198486328125,48.119407653808594,138.16517639160156
2022-02-01 00:00:00-05:00,144.2732696533203,192.53109741210938,221.0576934814453,164.16720581054688,205.33999633789062,184.16119384765625,140.06838989257812,54.39136505126953,60.88025665283203,148.4600067138672,56.902626037597656,334.6978759765625,309.9429626464844,185.90451049804688,116.72125244140625,45.879051208496094,161.39187622070312,138.28526306152344,240.75643920898438,74.6865463256836,296.8504943847656,135.51318359375,152.93502807617188,210.52999877929688,169.06491088867188,471.30108642578125,51.49764633178711,214.4974365234375,44.57040786743164,133.5699005126953
2022-03-01 00:00:00-05:00,145.89329528808594,185.0689697265625,238.05421447753906,173.82363891601562,191.5,218.75892639160156,160.0471649169922,54.38160705566406,60.6454963684082,137.16000366210938,62.23847198486328,323.7240295410156,293.7505187988281,191.6863250732422,125.3685531616211,48.03116226196289,174.923095703125,132.94110107421875,244.57830810546875,80.02129364013672,306.9420471191406,133.53826904296875,149.9036102294922,212.32000732421875,179.78948974609375,505.0736999511719,48.878143310546875,220.46311950683594,43.730506896972656,147.1680145263672
2022-04-01 00:00:00-04:00,141.32676696777344,172.9058837890625,229.55859375,156.94000244140625,148.83999633789062,206.7027130126953,153.992431640625,47.76921081542969,63.6822509765625,111.62999725341797,64.9538345336914,301.3553466796875,296.57965087890625,190.6322479248047,127.4802017211914,42.245323181152344,178.11105346679688,116.40147399902344,246.43777465820312,87.26653289794922,276.2886657714844,124.03553771972656,157.5067138671875,175.94000244140625,169.191162109375,505.1578063964844,44.42595291137695,211.87403869628906,41.415531158447266,151.77490234375
2022-05-01 00:00:00-04:00,146.29505920410156,167.5509796142578,252.74183654785156,148.16969299316406,131.39999389648438,212.93222045898438,171.67498779296875,44.237239837646484,62.469913482666016,110.44000244140625,66.39942932128906,322.4262390136719,298.8997802734375,190.7406005859375,133.87301635742188,43.049720764160156,177.19314575195312,129.90830993652344,249.45445251464844,90.55291748046875,270.6637268066406,118.21670532226562,145.8907928466797,160.24000549316406,177.083984375,493.46630859375,49.813232421875,210.91969299316406,42.81233215332031,127.6083755493164
2022-06-01 00:00:00-04:00,128.09542846679688,137.57798767089844,241.43548583984375,136.3042449951172,136.72000122070312,176.34359741210938,143.47633361816406,41.87071990966797,62.00666046142578,94.4000015258789,50.935611724853516,294.7943115234375,270.78192138671875,172.1035614013672,137.79039001464844,36.54256057739258,176.32525634765625,110.63280487060547,244.1826934814453,89.70671844482422,256.2859802246094,101.65542602539062,141.85580444335938,165.0399932861328,167.28225708007812,510.2038879394531,49.288780212402344,196.1035614013672,37.45488357543945,121.05278778076172
2022-07-01 00:00:00-04:00,141.78494262695312,153.43429565429688,245.5735321044922,162.01580810546875,159.30999755859375,195.57012939453125,162.3052520751953,44.55146408081055,63.70553207397461,106.0999984741211,52.51470184326172,330.8918151855469,298.98919677734375,190.57046508789062,127.64079284667969,35.46807098388672,173.355224609375,113.33451080322266,261.93621826171875,88.62552642822266,280.1453552246094,114.59085083007812,137.0414581298828,184.02000427246094,157.8001708984375,540.6436157226562,44.860076904296875,211.2627716064453,39.15467834472656,131.47738647460938
2022-08-01 00:00:00-04:00,123.08683013916016,151.42196655273438,238.45848083496094,156.74191284179688,160.25,183.48228454589844,156.6367645263672,44.308433532714844,61.26333999633789,112.08000183105469,50.33358383178711,330.1772155761719,286.55035400390625,187.49099731445312,125.35713958740234,31.179859161376953,160.26318359375,112.72148895263672,250.90658569335938,84.67736053466797,260.9161682128906,106.14511108398438,136.9679412841797,156.1199951171875,160.72349548339844,517.70556640625,41.11705780029297,197.9163055419922,34.64823532104492,131.9752197265625
2022-09-01 00:00:00-04:00,110.5,134.39695739746094,225.39999389648438,137.9711151123047,121.08000183105469,162.98939514160156,143.6699981689453,39.631874084472656,55.614524841308594,94.33000183105469,43.93000030517578,293.04998779296875,275.94000244140625,166.1563262939453,117.4101333618164,25.42658805847168,163.36000061035156,103.57333374023438,230.74000549316406,85.43128204345703,232.89999389648438,82.8819351196289,125.36032104492188,143.83999633789062,152.3313446044922,503.46026611328125,37.340702056884766,177.25379943847656,31.399999618530273,129.6999969482422
2022-10-01 00:00:00-04:00,125.79000091552734,147.88546752929688,270.3500061035156,153.08604431152344,142.50999450683594,215.02125549316406,180.89999389648438,45.011898040771484,59.849998474121094,106.54000091552734,46.7400016784668,344.510009765625,296.1300048828125,203.02577209472656,136.66061401367188,28.05113983154297,173.97000122070312,124.76374053955078,272.6600036621094,101.19999694824219,232.1300048828125,92.68000030517578,133.7209930419922,162.58999633789062,184.4600067138672,555.1500244140625,36.75064468383789,206.697998046875,36.5,142.3300018310547
2022-11-01 00:00:00-04:00,129.14999389648438,154.75,291.010009765625,146.6267547607422,177.5800018310547,232.4499969482422,181.3000030517578,45.65999984741211,60.880001068115234,90.45999908447266,49.959999084472656,378.30999755859375,311.70001220703125,213.75323486328125,139.56597900390625,29.36341667175293,174.47000122070312,135.0800018310547,275.8800048828125,101.88999938964844,242.97999572753906,99.48999786376953,141.17999267578125,156.3000030517578,183.3000030517578,544.1699829101562,38.52000045776367,205.11155700683594,38.4900016784668,142.36000061035156
2022-11-11 00:00:00-05:00,130.6374969482422,155.77000427246094,282.8900146484375,147.4199981689453,175.19000244140625,236.6905059814453,185.02000427246094,44.19499969482422,60.619998931884766,93.45999908447266,52.83000183105469,381.3599853515625,312.7550048828125,212.1300048828125,142.27000427246094,29.774999618530273,169.16000366210938,134.30999755859375,270.6099853515625,98.48999786376953,243.48500061035156,104.87999725341797,139.8800048828125,157.36000061035156,182.19000244140625,513.7000122070312,37.99300003051758,203.5500030517578,40.39500045776367,141.10000610351562
